parameter,value
batch_size,128
reservoir_hidden_size,1500
spectral_radius,1.4758676015928727
sparsity,0.3065343838364985
ridge_param,4.5585475471582514e-06
input_scaling,4.558889944809806
input_weights_scaling,0.9213917701193003
