{"returned_dict": {"loss": 0.018138140896379797, "r2": 0.9919324474453712, "status": "ok", "start_time": 1710625847.805488, "duration": 403.8196427822113}, "current_params": {"N": 1000, "lr": 0.3630974990199191, "ridge": 2.5e-06, "seed": 1234, "sr": 1.222312613240174}}