{
  "returned_dict": {
    "loss": 0.028811985309469032,
    "r2": 0.9761419010632194,
    "status": "ok",
    "start_time": 1710602095.2717068,
    "duration": 1.830618143081665
  },
  "current_params": {
    "N": 500,
    "iss": 0.9,
    "lr": 0.37889378400488194,
    "ridge": 1e-7,
    "seed": 1234,
    "sr": 0.16300115584611943
  }
}
